"Transaction Hash","Blockno","UnixTimestamp","DateTime (UTC)","From","From_PrivateTag","To","To_PrivateTag","Quantity","Method"
"0x2f5d14c501fc1e83ce54626b93091fe22a18786a91b92d74a02085628d6390eb","19801252","1714880183","2024-05-05 03:36:23","0x6bd2814426f9a6abaa427d2ad3fc898d2a57adc6","-","0x5014dc84df2b541d84a482610043e596bc659bf4","-","6,013.84564422958160832","Unlock"
"0x488e7b5e1a7f324ea9a75a8ba7156a7e81190a52a64074f4867621edeb77493c","19861176","1715604275","2024-05-13 12:44:35","0x6bd2814426f9a6abaa427d2ad3fc898d2a57adc6","-","0x98f9fabaa629c9c2dd74a43244916faee8552f57","-","125","Unlock"
"0xbb2ccbbc087fcb61cc66b77698ae6e9537af347114bb055e00757fefbd664604","19861181","1715604335","2024-05-13 12:45:35","0x6bd2814426f9a6abaa427d2ad3fc898d2a57adc6","-","0x98f9fabaa629c9c2dd74a43244916faee8552f57","-","0.930883282121973375","Claim Revenue Distribution"
"0x9007c5061225daf94514032bfcbffc75a91ed49801aa72740b82dc6cf10df3a9","19886071","1715905139","2024-05-17 00:18:59","0x6bd2814426f9a6abaa427d2ad3fc898d2a57adc6","-","0x2b064e8a1ec1f741437f08ddc8b733fbd790b268","-","385.509589041092702976","Unlock"
"0x4df8e62cb6794b30c914bc472c9af4d27efaa9032b999e0a057ff9f1dc710db8","19895357","1716017447","2024-05-18 07:30:47","0x6bd2814426f9a6abaa427d2ad3fc898d2a57adc6","-","0x5014dc84df2b541d84a482610043e596bc659bf4","-","6,148.928464720314038016","Unlock"
"0x06081f902d4611d0412a3f01975e0109f5e6bc82c6b37cc76530a800c1cf72b8","19917777","1716288407","2024-05-21 10:46:47","0x6bd2814426f9a6abaa427d2ad3fc898d2a57adc6","-","0xb41abdf9374d7ca430325f108786548e5adffbc6","-","250","Unlock"
"0x84598a0a2e68ae8c3702fe9fae3f99313a730c637659a9e04a4ef155006c5c98","19970323","1716922907","2024-05-28 19:01:47","0x6bd2814426f9a6abaa427d2ad3fc898d2a57adc6","-","0x956dd057611aaef031aa9a21842fa285fe11d1ef","-","76.964707001545407529","Unlock"
"0x8585c942d83480c2e39e053d01994b5f8aac32e9db4f204f536a47996272d4ff","19986164","1717114475","2024-05-31 00:14:35","0x6bd2814426f9a6abaa427d2ad3fc898d2a57adc6","-","0x2b064e8a1ec1f741437f08ddc8b733fbd790b268","-","141.886834094367167808","Unlock"
"0x3633a07440e6b8c1008897144afb70375ed0757f57c3155dcf45c78f3c84ac71","19988457","1717142087","2024-05-31 07:54:47","0x6bd2814426f9a6abaa427d2ad3fc898d2a57adc6","-","0xe30ed74c6633a1b0d34a71c50889f9f0fdb7d68a","-","5,262.44505887557089758","Exec Transaction"
"0x15c8e5deb414bf19b55e9f1eaea2f9ca363f3e5ba84f68773b5205fcf55f8818","20023729","1717567619","2024-06-05 06:06:59","0x6bd2814426f9a6abaa427d2ad3fc898d2a57adc6","-","0x5014dc84df2b541d84a482610043e596bc659bf4","-","8,381.428354377188280768","Unlock"
"0xeb3a129a6565623b89981c7842563c791c00579d7fc0be7708f0f71d07af9ebc","20026218","1717597619","2024-06-05 14:26:59","0x6bd2814426f9a6abaa427d2ad3fc898d2a57adc6","-","0x1b5a861c9fa093645635262d14af4670e3f06f3f","-","136.075342465750907808","Unlock"
"0xa573022d0180e95ba3acd518c1b40af79217f606890a1077c61966e50918cc73","20087218","1718333975","2024-06-14 02:59:35","0x6bd2814426f9a6abaa427d2ad3fc898d2a57adc6","-","0x3b82f3df4cf42814cc4b5691277f881628a90c95","-","19.969988793465953786","Unlock"
"0x585f0d5bd33b4f3d89cc0331d4179c323bc05d0795a8af27b5880fa21c2545f3","20101720","1718509199","2024-06-16 03:39:59","0x6bd2814426f9a6abaa427d2ad3fc898d2a57adc6","-","0x2b064e8a1ec1f741437f08ddc8b733fbd790b268","-","163.637709284625739872","Unlock"
"0x37fe9adb3220327492409484e959b3e8ed683872eb2faedd682a876b6820defc","20209222","1719807371","2024-07-01 04:16:11","0x6bd2814426f9a6abaa427d2ad3fc898d2a57adc6","-","0x2b064e8a1ec1f741437f08ddc8b733fbd790b268","-","139.524470446503309528","Unlock"
"0xa5b0fabcbb8a9fb3e28d830ecbb377088f82c0650ec8ddb67156e88fd8a8633c","20214516","1719871211","2024-07-01 22:00:11","0x6bd2814426f9a6abaa427d2ad3fc898d2a57adc6","-","0xacce497f3cc93cbf8453ebf052980485cf32ba2f","-","250","Unlock"
"0x8473fee966b94072c6ed00d4740ddbf6974c4243ea22a0d3930f6c41c5cef4e6","20239460","1720172327","2024-07-05 09:38:47","0x6bd2814426f9a6abaa427d2ad3fc898d2a57adc6","-","0x3cc1a91c220c8207af099e8547fc14224b7a3dc3","-","7.447066256975787","Claim Revenue Distribution"
"0x172ea11b3b183d9d02a0e2c759f42c643298fa7325ff07305321513d9124d1db","20349696","1721502059","2024-07-20 19:00:59","0x6bd2814426f9a6abaa427d2ad3fc898d2a57adc6","-","0x27a64642f7c486a7c639b0f5d4662463e510e6f2","-","58.296573756979699983","Unlock"
"0x6befbbe7f715c9d8f048520141d5264486f7708da39fbfaabe22c76f3b4230ad","20360717","1721634971","2024-07-22 07:56:11","0x6bd2814426f9a6abaa427d2ad3fc898d2a57adc6","-","0xc6953ce5bdb7003f6e78c78827bf1bb62f47ab65","-","14.894132513951574","Claim Revenue Distribution"
"0xcfe48008162808e521d80a09bf20dda54bd41e60349ee3ac88be4b437d7e7c15","20360729","1721635115","2024-07-22 07:58:35","0x6bd2814426f9a6abaa427d2ad3fc898d2a57adc6","-","0xc6953ce5bdb7003f6e78c78827bf1bb62f47ab65","-","2,000","Unlock"
"0x296b527e22a7ab25bd1a92f693380ae898d315d0f409992a6a9bd98205db5bd6","20375426","1721812343","2024-07-24 09:12:23","0x6bd2814426f9a6abaa427d2ad3fc898d2a57adc6","-","0x4e164879f91e232d20f3d1539c334e95aac5bfbd","-","107.024082001506590052","Unlock"
"0x8d8bb873b716221d30300e8b32282ab6d48754116506c93653414ee40df3fd99","20388572","1721970983","2024-07-26 05:16:23","0x6bd2814426f9a6abaa427d2ad3fc898d2a57adc6","-","0xb42669eeae2a04d6cc3b7a5fa9787977fc3ce76b","-","0.37235331284878935","Claim Revenue Distribution"
"0x2ac72e3e25ddfa2bdb4ffc1efcda640c4bd9cd0bb8975237233ae50536e71629","20396983","1722072479","2024-07-27 09:27:59","0x6bd2814426f9a6abaa427d2ad3fc898d2a57adc6","-","0xcb2e687c98ba3f89464ed91d4fb372255b43a21c","-","0.37235331284878935","Claim Revenue Distribution"
"0xe6c1728aac30b7fbfe290641ea8c9f1e972718c78bd82dc094f8a92ab30f8eb2","20396988","1722072539","2024-07-27 09:28:59","0x6bd2814426f9a6abaa427d2ad3fc898d2a57adc6","-","0xcb2e687c98ba3f89464ed91d4fb372255b43a21c","-","50","Unlock"
"0x37a07009b9d94b54556b15dda7d5405c0d202ee500313811bc24a4936b5bbd76","20398948","1722096107","2024-07-27 16:01:47","0x6bd2814426f9a6abaa427d2ad3fc898d2a57adc6","-","0xbd1631d74d1f2829346b4b1a36ba4782b78c9adf","-","997.924435565726227598","Unlock"
"0x1547bb70cade07c37a61ce805f57c3edf512739968dd4b7a66d70281656271bb","20418166","1722327851","2024-07-30 08:24:11","0x6bd2814426f9a6abaa427d2ad3fc898d2a57adc6","-","0xb42669eeae2a04d6cc3b7a5fa9787977fc3ce76b","-","50","Unlock"
"0x7b16c024cde6b7dd29c5865603cc31ac105b03040ce232910b8142c12c74a4a0","20418240","1722328751","2024-07-30 08:39:11","0x6bd2814426f9a6abaa427d2ad3fc898d2a57adc6","-","0x02a652175137c6418f798e0f978e3795e7b0b0a4","-","250","Unlock"
"0x69dde738e0e37dee048e74059e84e9f9c1fb3a54fae20c128205c886ad7e60ae","20418819","1722335831","2024-07-30 10:37:11","0x6bd2814426f9a6abaa427d2ad3fc898d2a57adc6","-","0xf2164de4bf384c89d67060a1cd0079b92f7156be","-","500","Unlock"
"0x2679c3168afa68976d14ba314cfa5e6bb72b290e34f19d53f718a52f50fc6fd7","20418823","1722335879","2024-07-30 10:37:59","0x6bd2814426f9a6abaa427d2ad3fc898d2a57adc6","-","0xf2164de4bf384c89d67060a1cd0079b92f7156be","-","3.7235331284878935","Claim Revenue Distribution"
"0x30294448178af705ef057c0b7fa210443881a3b309615d66b111407facc67016","20474994","1723013195","2024-08-07 06:46:35","0x6bd2814426f9a6abaa427d2ad3fc898d2a57adc6","-","0x42f9134e9d3bf7eee1f8a5ac2a4328b059e7468c","-","150,000","Unlock"
"0x6d8c4cc02703b3f1efe32107379cb73b0722dcbe31cb4201a2d8058109cfaa75","20484703","1723130183","2024-08-08 15:16:23","0x6bd2814426f9a6abaa427d2ad3fc898d2a57adc6","-","0x2afff7912cfaa1bb04c4a1bc920bef26d123b31b","-","1,717.99801750380324936","Unlock"
"0x7b86c3d4f8129eb7b90841b07370c2905d05a64b793acb851bf6d62699c5b404","20510623","1723442639","2024-08-12 06:03:59","0xaa2e727ba59b4fea24d0db4e49a392fdc3e8e778","-","0x6bd2814426f9a6abaa427d2ad3fc898d2a57adc6","-","31.015854717297153015","Exec Transaction"
"0x9d2fba7b78a77a4536f5ffd071e5883459eb32c1d14ae85028d73bbf85bbc4fb","20513482","1723477175","2024-08-12 15:39:35","0xaa2e727ba59b4fea24d0db4e49a392fdc3e8e778","-","0x6bd2814426f9a6abaa427d2ad3fc898d2a57adc6","-","10,109.72276771730684644","Exec Transaction"
